Handle,Title,Type,Tags,Option1 Name,Option1 Value,Variant SKU,Variant Price,Variant Compare At Price,Variant Grams,Image Src,Image Alt Text,Image Position,SEO Title,SEO Description
matelas-st-germain-ressorts-ensaches-30-cm-mi-ferme,Matelas ST GERMAIN ressorts ensachés 30 cm mi-ferme,Matelas,Matelas,Dimensions,160 x 200 cm,'34,489.00,799.00,0.0,https://cdn.shopify.com/s/files/1/0996/7245/7553/files/matelas-st-germain-ressorts-ensaches-30-cm-mi-ferme-8255765.png?v=1779109099,Matelas ST GERMAIN ressorts ensachés 30 cm mi - ferme - TRUST INDUSTRIE - 160 x 200 cm - ,1,,
matelas-st-germain-ressorts-ensaches-30-cm-mi-ferme,,,,,180 x 200 cm,'34,540.00,899.00,0.0,https://cdn.shopify.com/s/files/1/0996/7245/7553/files/matelas-st-germain-ressorts-ensaches-30-cm-mi-ferme-1367150.png?v=1779109099,Matelas ST GERMAIN ressorts ensachés 30 cm mi - ferme - TRUST INDUSTRIE - 160 x 200 cm - ,2,,
matelas-st-germain-ressorts-ensaches-30-cm-mi-ferme,,,,,,,,,,https://cdn.shopify.com/s/files/1/0996/7245/7553/files/matelas-st-germain-ressorts-ensaches-30-cm-mi-ferme-2957556.png?v=1779109100,Matelas ST GERMAIN ressorts ensachés 30 cm mi - ferme - TRUST INDUSTRIE - 160 x 200 cm - ,3,,
sydney-180-200,Matelas mi-ferme 2 places 180X190 cm SYDNEY en mousse polyuréthane et ressorts ensachés,Matelas,"Europe, Livré roulé, Matelas",Title,Default Title,'34,711.00,1186.00,0.0,https://cdn.shopify.com/s/files/1/0996/7245/7553/files/matelas-mi-ferme-2-places-160x200-cm-sydney-en-mousse-polyurethane-et-ressorts-ensaches-3507160.png?v=1771474711,Matelas mi - ferme 2 places 160X200 cm SYDNEY en mousse polyuréthane et ressorts ensachés - TRUST INDUSTRIE - ,1,Matelas 2 places 140X190 cm SYDNEY en mousse polyuréthane,Retrouvez le matelas mi-ferme 2 places 180X200 cm SYDNEY en mousse polyuréthane + ressorts ensachés. Livraison à domicile. Fabriqué en Europe.
sydney-180-200,,,,,,,,,,https://cdn.shopify.com/s/files/1/0996/7245/7553/files/matelas-mi-ferme-2-places-160x200-cm-sydney-en-mousse-polyurethane-et-ressorts-ensaches-9973355.png?v=1772701385,Matelas mi - ferme 2 places 160X200 cm SYDNEY en mousse polyuréthane et ressorts ensachés - TRUST INDUSTRIE - ,2,,
sydney-180-200,,,,,,,,,,https://cdn.shopify.com/s/files/1/0996/7245/7553/files/matelas-mi-ferme-2-places-160x200-cm-sydney-en-mousse-polyurethane-et-ressorts-ensaches-7705780.png?v=1772701385,Matelas mi - ferme 2 places 160X200 cm SYDNEY en mousse polyuréthane et ressorts ensachés - TRUST INDUSTRIE - ,3,,
matelas-mi-ferme-2-places-140x190-cm-sydney-en-mousse-polyurethane-et-ressorts-ensaches,Matelas mi-ferme 2 places SYDNEY en mousse polyuréthane et ressorts ensachés,Matelas,"Europe, Livré roulé, Matelas",Dimensions,140 x 190 cm,'34,699.00,999.00,0.0,https://cdn.shopify.com/s/files/1/0996/7245/7553/files/matelas-mi-ferme-2-places-160x200-cm-sydney-en-mousse-polyurethane-et-ressorts-ensaches-3507160.png?v=1771474711,Matelas mi - ferme 2 places 160X200 cm SYDNEY en mousse polyuréthane et ressorts ensachés - TRUST INDUSTRIE - ,1,Matelas 2 places 140X190 cm SYDNEY en mousse polyuréthane,Retrouvez le matelas mi-ferme 2 places 140X190 cm SYDNEY en mousse polyuréthane + ressorts ensachés. Livraison à domicile. Fabriqué en Europe.
matelas-mi-ferme-2-places-140x190-cm-sydney-en-mousse-polyurethane-et-ressorts-ensaches,,,,,160 x 200 cm,'34,787.00,1124.00,0.0,https://cdn.shopify.com/s/files/1/0996/7245/7553/files/matelas-mi-ferme-2-places-160x200-cm-sydney-en-mousse-polyurethane-et-ressorts-ensaches-9973355.png?v=1772701385,Matelas mi - ferme 2 places 160X200 cm SYDNEY en mousse polyuréthane et ressorts ensachés - TRUST INDUSTRIE - ,2,,
matelas-mi-ferme-2-places-140x190-cm-sydney-en-mousse-polyurethane-et-ressorts-ensaches,,,,,180 x 200 cm,'34,830.00,1186.00,0.0,https://cdn.shopify.com/s/files/1/0996/7245/7553/files/matelas-mi-ferme-2-places-160x200-cm-sydney-en-mousse-polyurethane-et-ressorts-ensaches-7705780.png?v=1772701385,Matelas mi - ferme 2 places 160X200 cm SYDNEY en mousse polyuréthane et ressorts ensachés - TRUST INDUSTRIE - ,3,,
matelas-ferme-2-places-140x190-cm-monaco-en-mousse-a-memoire-de-forme-et-ressorts-ensaches,Matelas ferme 2 places MONACO en mousse à mémoire de forme et ressorts ensachés,Matelas,"Europe, Livré roulé, Matelas",Dimensions,160 x 200 cm,'34,832.00,1386.00,0.0,https://cdn.shopify.com/s/files/1/0996/7245/7553/files/matelas-ferme-2-places-180x200-cm-monaco-en-mousse-a-memoire-de-forme-et-ressorts-ensaches-8305333.png?v=1771474706,Matelas ferme 2 places 180X200 cm MONACO en mousse à mémoire de forme et ressorts ensachés - TRUST INDUSTRIE - ,1,Matelas 2 places 140X190 cm MONACO mémoire de forme,Retrouvez le matelas ferme 2 places 140X190 cm MONACO en mousse à mémoire de forme + ressorts ensachés. Fabriqué en Europe.
matelas-ferme-2-places-140x190-cm-monaco-en-mousse-a-memoire-de-forme-et-ressorts-ensaches,,,,,,,,,,https://cdn.shopify.com/s/files/1/0996/7245/7553/files/matelas-monaco-ressorts-ensaches-memoire-forme-soutien-ferme-couches-internes.png?v=1771409827,,2,,
matelas-ferme-2-places-140x190-cm-monaco-en-mousse-a-memoire-de-forme-et-ressorts-ensaches,,,,,,,,,,https://cdn.shopify.com/s/files/1/0996/7245/7553/files/matelas-ferme-2-places-180x200-cm-monaco-en-mousse-a-memoire-de-forme-et-ressorts-ensaches-9490373.png?v=1771474706,Matelas ferme 2 places 180X200 cm MONACO en mousse à mémoire de forme et ressorts ensachés - TRUST INDUSTRIE - ,3,,
matelas-ferme-2-places-140x190-cm-monaco-en-mousse-a-memoire-de-forme-et-ressorts-ensaches,,,,,,,,,,https://cdn.shopify.com/s/files/1/0996/7245/7553/files/matelas-ferme-2-places-180x200-cm-monaco-en-mousse-a-memoire-de-forme-et-ressorts-ensaches-1274803.png?v=1771474707,Matelas ferme 2 places 180X200 cm MONACO en mousse à mémoire de forme et ressorts ensachés - TRUST INDUSTRIE - ,4,,
matelas-ferme-2-places-140x190-cm-monaco-en-mousse-a-memoire-de-forme-et-ressorts-ensaches,,,,,,,,,,https://cdn.shopify.com/s/files/1/0996/7245/7553/files/matelas-monaco-ressorts-ensaches-memoire-forme-soutien-ferme-zoom-tissu2.jpg?v=1771409709,,5,,
matelas-ferme-2-places-140x190-cm-monaco-en-mousse-a-memoire-de-forme-et-ressorts-ensaches,,,,,,,,,,https://cdn.shopify.com/s/files/1/0996/7245/7553/files/matelas-ferme-2-places-180x200-cm-monaco-en-mousse-a-memoire-de-forme-et-ressorts-ensaches-2388818.png?v=1771474706,Matelas ferme 2 places 180X200 cm MONACO en mousse à mémoire de forme et ressorts ensachés - TRUST INDUSTRIE - ,6,,
matelas-mi-ferme-2-places-140x190-cm-new-york-en-mousse-a-memoire-de-forme-et-ressorts-ensaches,Matelas mi-ferme 2 places NEW YORK en mousse à mémoire de forme et ressorts ensachés,Matelas,"Europe, Matelas",Dimensions ,140 x 190 cm,'34,787.00,1324.00,0.0,https://cdn.shopify.com/s/files/1/0996/7245/7553/files/matelas-mi-ferme-2-places-180x200-cm-new-york-en-mousse-a-memoire-de-forme-et-ressorts-ensaches-1543473.png?v=1771474699,Matelas mi - ferme 2 places 180X200 cm NEW YORK en mousse à mémoire de forme et ressorts ensachés - TRUST INDUSTRIE - ,1,Matelas 2 places 140X190 cm NEW YORK mémoire de forme,Retrouvez le matelas mi-ferme 2 places 140X190 cm NEW YORK en mousse à mémoire de forme + ressorts ensachés. Fabriqué en Europe.
matelas-mi-ferme-2-places-140x190-cm-new-york-en-mousse-a-memoire-de-forme-et-ressorts-ensaches,,,,,160 x 200 cm,'34,944.00,1574.00,0.0,https://cdn.shopify.com/s/files/1/0996/7245/7553/files/matelas-mi-ferme-2-places-180x200-cm-new-york-en-mousse-a-memoire-de-forme-et-ressorts-ensaches-8214109.webp?v=1772638027,Matelas mi - ferme 2 places 180X200 cm NEW YORK en mousse à mémoire de forme et ressorts ensachés - TRUST INDUSTRIE - ,2,,
matelas-mi-ferme-2-places-140x190-cm-new-york-en-mousse-a-memoire-de-forme-et-ressorts-ensaches,,,,,180 x 200 cm,'34,1154.00,1824.00,0.0,,,,,
matelas-mi-ferme-1-place-90x190-cm-new-york-en-mousse-a-memoire-de-forme-et-ressorts-ensaches,Matelas mi-ferme 1 place 90X190 cm NEW YORK en mousse à mémoire de forme et ressorts ensachés,Matelas,"Europe, Matelas",Title,Default Title,'34,999.00,1210.00,0.0,https://cdn.shopify.com/s/files/1/0996/7245/7553/files/matelas-mi-ferme-1-place-90x190-cm-new-york-en-mousse-a-memoire-de-forme-et-ressorts-ensaches-5566348.jpg?v=1772717594,Matelas mi - ferme 1 place 90X190 cm NEW YORK en mousse à mémoire de forme et ressorts ensachés - TRUST INDUSTRIE - ,1,Matelas 1 place 90X190 cm NEW YORK mémoire de forme,Retrouvez le matelas mi-ferme 1 place 90X190 cm NEW YORK en mousse à mémoire de forme + ressorts ensachés. Fabriqué en Europe.
matelas-mi-ferme-1-place-90x190-cm-new-york-en-mousse-a-memoire-de-forme-et-ressorts-ensaches,,,,,,,,,,https://cdn.shopify.com/s/files/1/0996/7245/7553/files/matelas-mi-ferme-2-places-180x200-cm-new-york-en-mousse-a-memoire-de-forme-et-ressorts-ensaches-8214109.webp?v=1772638027,Matelas mi - ferme 2 places 180X200 cm NEW YORK en mousse à mémoire de forme et ressorts ensachés - TRUST INDUSTRIE - ,2,,
matelas-ferme-2-places-140x190-cm-las-vegas-mousse-a-memoire-de-forme-et-ressorts-ensaches,Matelas ferme 2 places  LAS VEGAS mousse à mémoire de forme et ressorts ensachés,Matelas,"Europe, Livré roulé, Matelas",Dimensions,140 x 190 cm,'34,769.00,1124.00,0.0,https://cdn.shopify.com/s/files/1/0996/7245/7553/files/matelas-ferme-2-places-140x190-cm-las-vegas-mousse-a-memoire-de-forme-et-ressorts-ensaches-6720894.jpg?v=1771474700,Matelas ferme 2 places 140X190 cm LAS VEGAS mousse à mémoire de forme et ressorts ensachés - TRUST INDUSTRIE - ,1,Matelas 2 places 140X190 cm LAS VEGAS mémoire de forme,Retrouvez le matelas ferme 2 places 140X190 cm LAS VEGAS mousse à mémoire de forme + ressorts ensachés. Fabriqué en Europe.
matelas-ferme-2-places-140x190-cm-las-vegas-mousse-a-memoire-de-forme-et-ressorts-ensaches,,,,,160 x 200 cm,'34,804.00,1186.00,0.0,https://cdn.shopify.com/s/files/1/0996/7245/7553/files/matelas-ferme-2-places-180x200-cm-las-vegas-en-mousse-a-memoire-de-forme-et-ressorts-ensaches-6788621.png?v=1772698772,Matelas ferme 2 places 180X200 cm LAS VEGAS en mousse à mémoire de forme et ressorts ensachés - TRUST INDUSTRIE - ,2,,
matelas-ferme-2-places-140x190-cm-las-vegas-mousse-a-memoire-de-forme-et-ressorts-ensaches,,,,,180 x 200 cm,'34,874.00,1311.00,0.0,,,,,
matelas-ferme-1-place-90x190-cm-las-vegas-mousse-a-memoire-de-forme-et-ressorts-ensaches,Matelas ferme 1 place 90X190 cm LAS VEGAS mousse à mémoire de forme et ressorts ensachés,Matelas,"Europe, Livré roulé, Matelas",Title,Default Title,'34,559.00,811.00,0.0,https://cdn.shopify.com/s/files/1/0996/7245/7553/files/matelas-ferme-1-place-90x190-cm-las-vegas-mousse-a-memoire-de-forme-et-ressorts-ensaches-8291607.jpg?v=1772717595,Matelas ferme 1 place 90X190 cm LAS VEGAS mousse à mémoire de forme et ressorts ensachés - TRUST INDUSTRIE - ,1,Matelas 1 place 90X190 cm LAS VEGAS mémoire de forme,Retrouvez le matelas ferme 1 places 90X190 cm LAS VEGAS en mousse à mémoire de forme + ressorts ensachés. Fabriqué en Europe.
matelas-ferme-1-place-90x190-cm-las-vegas-mousse-a-memoire-de-forme-et-ressorts-ensaches,,,,,,,,,,https://cdn.shopify.com/s/files/1/0996/7245/7553/files/matelas-ferme-2-places-180x200-cm-las-vegas-en-mousse-a-memoire-de-forme-et-ressorts-ensaches-6788621.png?v=1772698772,Matelas ferme 2 places 180X200 cm LAS VEGAS en mousse à mémoire de forme et ressorts ensachés - TRUST INDUSTRIE - ,2,,
matelas-mi-ferme-1-place-90x190-cm-sydney-en-mousse-polyurethane-et-ressorts-ensaches,Matelas mi-ferme 1 place 90X190 cm SYDNEY en mousse polyuréthane et ressorts ensachés,Matelas,"Europe, Livré roulé, Matelas",Title,Default Title,'34,507.00,724.00,0.0,https://cdn.shopify.com/s/files/1/0996/7245/7553/files/matelas-mi-ferme-1-place-90x190-cm-sydney-en-mousse-polyurethane-et-ressorts-ensaches-1661715.jpg?v=1772717594,Matelas mi - ferme 1 place 90X190 cm SYDNEY en mousse polyuréthane et ressorts ensachés - TRUST INDUSTRIE - ,1,Matelas 1 place 90X190 cm SYDNEY en mousse polyuréthane,Retrouvez le matelas mi-ferme 1 place 90X190 cm SYDNEY en mousse polyuréthane + ressorts ensachés. Livraison à domicile. Fabriqué en Europe.
matelas-mi-ferme-1-place-90x190-cm-sydney-en-mousse-polyurethane-et-ressorts-ensaches,,,,,,,,,,https://cdn.shopify.com/s/files/1/0996/7245/7553/files/matelas-mi-ferme-2-places-160x200-cm-sydney-en-mousse-polyurethane-et-ressorts-ensaches-9973355.png?v=1772701385,Matelas mi - ferme 2 places 160X200 cm SYDNEY en mousse polyuréthane et ressorts ensachés - TRUST INDUSTRIE - ,2,,
matelas-mi-ferme-1-place-90x190-cm-sydney-en-mousse-polyurethane-et-ressorts-ensaches,,,,,,,,,,https://cdn.shopify.com/s/files/1/0996/7245/7553/files/matelas-mi-ferme-2-places-160x200-cm-sydney-en-mousse-polyurethane-et-ressorts-ensaches-7705780.png?v=1772701385,Matelas mi - ferme 2 places 160X200 cm SYDNEY en mousse polyuréthane et ressorts ensachés - TRUST INDUSTRIE - ,3,,
matelas-mi-ferme-2-places-140x190-cm-londres-en-mousse-polyurethane,Matelas mi-ferme 2 places LONDRES en mousse polyuréthane,Matelas,"Europe, Livré roulé, Matelas",Dimensions,140 x 190 cm,'34,471.00,784.00,0.0,https://cdn.shopify.com/s/files/1/0996/7245/7553/files/matelas-mi-ferme-2-places-180x200-cm-londres-en-mousse-polyurethane-3200923.png?v=1772710815,Matelas mi - ferme 2 places 180X200 cm LONDRES en mousse polyuréthane - TRUST INDUSTRIE - ,1,Matelas 2 places140X190 cm LONDRES en mousse polyuréthane,Retrouvez le matelas mi-ferme 2 places 140X190 cm LONDRES en mousse polyuréthane. Livraison à domicile. Fabriqué en Europe.
matelas-mi-ferme-2-places-140x190-cm-londres-en-mousse-polyurethane,,,,,160 x 200 cm,'34,513.00,856.00,0.0,https://cdn.shopify.com/s/files/1/0996/7245/7553/files/matelas-mi-ferme-2-places-180x200-cm-londres-en-mousse-polyurethane-1814322.png?v=1772710815,Matelas mi - ferme 2 places 180X200 cm LONDRES en mousse polyuréthane - TRUST INDUSTRIE - ,2,,
matelas-mi-ferme-2-places-140x190-cm-londres-en-mousse-polyurethane,,,,,180 x 200cm,'34,556.00,927.00,0.0,,,,,
matelas-mi-ferme-1-place-90x190-cm-londres-en-mousse-polyurethane,Matelas mi-ferme 1 place 90X190 cm LONDRES en mousse polyuréthane,Matelas,"Europe, Livré roulé, Matelas",Title,Default Title,'34,256.00,427.00,0.0,https://cdn.shopify.com/s/files/1/0996/7245/7553/files/matelas-mi-ferme-1-place-90x190-cm-londres-en-mousse-polyurethane-9824483.png?v=1772717597,Matelas mi - ferme 1 place 90X190 cm LONDRES en mousse polyuréthane - TRUST INDUSTRIE - ,1,Matelas 1 place 90X190 cm LONDRES en mousse polyuréthane,Retrouvez le matelas mi-ferme 1 place 90X190 cm LONDRES en mousse polyuréthane. Livraison à domicile. Fabriqué en Europe.
matelas-mi-ferme-1-place-90x190-cm-londres-en-mousse-polyurethane,,,,,,,,,,https://cdn.shopify.com/s/files/1/0996/7245/7553/files/matelas-mi-ferme-2-places-180x200-cm-londres-en-mousse-polyurethane-1814322.png?v=1772710815,Matelas mi - ferme 2 places 180X200 cm LONDRES en mousse polyuréthane - TRUST INDUSTRIE - ,2,,
matelas-mi-ferme-2-places-140x190-cm-dubai-en-mousse-et-ressorts-ensaches,Matelas mi-ferme 2 places DUBAI en mousse et ressorts ensachés,Matelas,"Europe, Matelas",Dimensions,140 x 190 cm,'34,1137.00,1624.00,0.0,https://cdn.shopify.com/s/files/1/0996/7245/7553/files/matelas-mi-ferme-2-places-180x200-cm-dubai-en-mousse-et-ressorts-ensaches-1470657.png?v=1771474724,Matelas mi - ferme 2 places 180X200 cm DUBAI en mousse et ressorts ensachés - TRUST INDUSTRIE - ,1,Matelas 2 places 140X190 cm DUBAI mi-ferme ressorts ensachés,Retrouvez le matelas mi-ferme 2 places 140X190 cm DUBAI en mousse + ressorts ensachés. Livraison à domicile. Fabriqué en Europe.
matelas-mi-ferme-2-places-140x190-cm-dubai-en-mousse-et-ressorts-ensaches,,,,,160 x 200 cm,'34,1312.00,1874.00,0.0,https://cdn.shopify.com/s/files/1/0996/7245/7553/files/matelas-mi-ferme-2-places-180x200-cm-dubai-en-mousse-et-ressorts-ensaches-1338951.png?v=1772706232,Matelas mi - ferme 2 places 180X200 cm DUBAI en mousse et ressorts ensachés - TRUST INDUSTRIE - ,2,,
matelas-mi-ferme-2-places-140x190-cm-dubai-en-mousse-et-ressorts-ensaches,,,,,180 x 200 cm,'34,1487.00,2124.00,0.0,https://cdn.shopify.com/s/files/1/0996/7245/7553/files/matelas-mi-ferme-2-places-180x200-cm-dubai-en-mousse-et-ressorts-ensaches-1545063.webp?v=1772706232,Matelas mi - ferme 2 places 180X200 cm DUBAI en mousse et ressorts ensachés - TRUST INDUSTRIE - ,3,,
matelas-mi-ferme-2-places-140x190-cm-dubai-en-mousse-et-ressorts-ensaches,,,,,,,,,,https://cdn.shopify.com/s/files/1/0996/7245/7553/files/matelas-mi-ferme-2-places-180x200-cm-dubai-en-mousse-et-ressorts-ensaches-4417234.png?v=1771474724,Matelas mi - ferme 2 places 180X200 cm DUBAI en mousse et ressorts ensachés - TRUST INDUSTRIE - ,4,,
matelas-mi-ferme-2-places-140x190-cm-dubai-en-mousse-et-ressorts-ensaches,,,,,,,,,,https://cdn.shopify.com/s/files/1/0996/7245/7553/files/matelas-mi-ferme-2-places-180x200-cm-dubai-en-mousse-et-ressorts-ensaches-7548862.png?v=1772706232,Matelas mi - ferme 2 places 180X200 cm DUBAI en mousse et ressorts ensachés - TRUST INDUSTRIE - ,5,,
matelas-mi-ferme-2-places-140x190-cm-dubai-en-mousse-et-ressorts-ensaches,,,,,,,,,,https://cdn.shopify.com/s/files/1/0996/7245/7553/files/matelas-mi-ferme-2-places-180x200-cm-dubai-en-mousse-et-ressorts-ensaches-4923053.png?v=1772706232,Matelas mi - ferme 2 places 180X200 cm DUBAI en mousse et ressorts ensachés - TRUST INDUSTRIE - ,6,,
matelas-mi-ferme-2-places-140x190-cm-dubai-en-mousse-et-ressorts-ensaches,,,,,,,,,,https://cdn.shopify.com/s/files/1/0996/7245/7553/files/matelas-mi-ferme-2-places-180x200-cm-dubai-en-mousse-et-ressorts-ensaches-2767957.png?v=1772706232,Matelas mi - ferme 2 places 180X200 cm DUBAI en mousse et ressorts ensachés - TRUST INDUSTRIE - ,7,,
matelas-moelleux-2-places-140x190-cm-singapour-en-mousse-polyurethane-et-ressorts-ensaches,Matelas moelleux 2 places SINGAPOUR en mousse polyuréthane et ressorts ensachés,Matelas,"Europe, Livré roulé, Matelas",Dimensions ,140 x 190 cm,'34,612.00,874.00,0.0,https://cdn.shopify.com/s/files/1/0996/7245/7553/files/matelas-moelleux-2-places-180x200-cm-singapour-en-mousse-polyurethane-et-ressorts-ensaches-3945004.png?v=1771474721,Matelas moelleux 2 places 180X200 cm SINGAPOUR en mousse polyuréthane et ressorts ensachés - TRUST INDUSTRIE - ,1,Matelas 2 places 140X190 cm SINGAPOUR ressorts ensachés,Retrouvez le matelas moelleux 2 places 140X190 cm SINGAPOUR en mousse + ressorts ensachés. Livraison à domicile. Fabriqué en Europe.
matelas-moelleux-2-places-140x190-cm-singapour-en-mousse-polyurethane-et-ressorts-ensaches,,,,,160 x 200 cm,'34,655.00,936.00,0.0,https://cdn.shopify.com/s/files/1/0996/7245/7553/files/matelas-moelleux-2-places-180x200-cm-singapour-en-mousse-polyurethane-et-ressorts-ensaches-1169004.png?v=1772706463,Matelas moelleux 2 places 180X200 cm SINGAPOUR en mousse polyuréthane et ressorts ensachés - TRUST INDUSTRIE - ,2,,
matelas-moelleux-2-places-140x190-cm-singapour-en-mousse-polyurethane-et-ressorts-ensaches,,,,,180 x 200 cm,'34,699.00,999.00,0.0,https://cdn.shopify.com/s/files/1/0996/7245/7553/files/matelas-moelleux-2-places-180x200-cm-singapour-en-mousse-polyurethane-et-ressorts-ensaches-7307103.png?v=1772706463,Matelas moelleux 2 places 180X200 cm SINGAPOUR en mousse polyuréthane et ressorts ensachés - TRUST INDUSTRIE - ,3,,
matelas-moelleux-2-places-140x190-cm-singapour-en-mousse-polyurethane-et-ressorts-ensaches,,,,,,,,,,https://cdn.shopify.com/s/files/1/0996/7245/7553/files/matelas-moelleux-2-places-180x200-cm-singapour-en-mousse-polyurethane-et-ressorts-ensaches-6454171.png?v=1772706463,Matelas moelleux 2 places 180X200 cm SINGAPOUR en mousse polyuréthane et ressorts ensachés - TRUST INDUSTRIE - ,4,,
matelas-moelleux-2-places-140x190-cm-singapour-en-mousse-polyurethane-et-ressorts-ensaches,,,,,,,,,,https://cdn.shopify.com/s/files/1/0996/7245/7553/files/matelas-moelleux-2-places-180x200-cm-singapour-en-mousse-polyurethane-et-ressorts-ensaches-9083223.png?v=1772706463,Matelas moelleux 2 places 180X200 cm SINGAPOUR en mousse polyuréthane et ressorts ensachés - TRUST INDUSTRIE - ,5,,
matelas-moelleux-2-places-140x190-cm-singapour-en-mousse-polyurethane-et-ressorts-ensaches,,,,,,,,,,https://cdn.shopify.com/s/files/1/0996/7245/7553/files/matelas-moelleux-2-places-180x200-cm-singapour-en-mousse-polyurethane-et-ressorts-ensaches-3791955.png?v=1772706463,Matelas moelleux 2 places 180X200 cm SINGAPOUR en mousse polyuréthane et ressorts ensachés - TRUST INDUSTRIE - ,6,,
matelas-moelleux-1-place-90x190-cm-singapour-en-mousse-polyurethane-et-ressorts-ensaches,Matelas moelleux 1 place 90X190 cm SINGAPOUR en mousse polyuréthane et ressorts ensachés,Matelas,"Europe, Livré roulé, Matelas",Title,Default Title,'34,480.00,686.00,0.0,https://cdn.shopify.com/s/files/1/0996/7245/7553/files/matelas-moelleux-1-place-90x190-cm-singapour-en-mousse-polyurethane-et-ressorts-ensaches-3464185.jpg?v=1772717598,Matelas moelleux 1 place 90X190 cm SINGAPOUR en mousse polyuréthane et ressorts ensachés - TRUST INDUSTRIE - ,1,Matelas 1 place 90X190 cm SINGAPOUR ressorts ensachés,Retrouvez le matelas moelleux 1 place 90X190 cm SINGAPOUR en mousse + ressorts ensachés. Livraison à domicile. Fabriqué en Europe.
matelas-moelleux-1-place-90x190-cm-singapour-en-mousse-polyurethane-et-ressorts-ensaches,,,,,,,,,,https://cdn.shopify.com/s/files/1/0996/7245/7553/files/matelas-moelleux-2-places-180x200-cm-singapour-en-mousse-polyurethane-et-ressorts-ensaches-1169004.png?v=1772706463,Matelas moelleux 2 places 180X200 cm SINGAPOUR en mousse polyuréthane et ressorts ensachés - TRUST INDUSTRIE - ,2,,
matelas-moelleux-1-place-90x190-cm-singapour-en-mousse-polyurethane-et-ressorts-ensaches,,,,,,,,,,https://cdn.shopify.com/s/files/1/0996/7245/7553/files/matelas-moelleux-2-places-180x200-cm-singapour-en-mousse-polyurethane-et-ressorts-ensaches-7307103.png?v=1772706463,Matelas moelleux 2 places 180X200 cm SINGAPOUR en mousse polyuréthane et ressorts ensachés - TRUST INDUSTRIE - ,3,,
matelas-moelleux-1-place-90x190-cm-singapour-en-mousse-polyurethane-et-ressorts-ensaches,,,,,,,,,,https://cdn.shopify.com/s/files/1/0996/7245/7553/files/matelas-moelleux-2-places-180x200-cm-singapour-en-mousse-polyurethane-et-ressorts-ensaches-6454171.png?v=1772706463,Matelas moelleux 2 places 180X200 cm SINGAPOUR en mousse polyuréthane et ressorts ensachés - TRUST INDUSTRIE - ,4,,
matelas-moelleux-1-place-90x190-cm-singapour-en-mousse-polyurethane-et-ressorts-ensaches,,,,,,,,,,https://cdn.shopify.com/s/files/1/0996/7245/7553/files/matelas-moelleux-2-places-180x200-cm-singapour-en-mousse-polyurethane-et-ressorts-ensaches-9083223.png?v=1772706463,Matelas moelleux 2 places 180X200 cm SINGAPOUR en mousse polyuréthane et ressorts ensachés - TRUST INDUSTRIE - ,5,,
matelas-moelleux-1-place-90x190-cm-singapour-en-mousse-polyurethane-et-ressorts-ensaches,,,,,,,,,,https://cdn.shopify.com/s/files/1/0996/7245/7553/files/matelas-moelleux-2-places-180x200-cm-singapour-en-mousse-polyurethane-et-ressorts-ensaches-3791955.png?v=1772706463,Matelas moelleux 2 places 180X200 cm SINGAPOUR en mousse polyuréthane et ressorts ensachés - TRUST INDUSTRIE - ,6,,
matelas-mi-ferme-2-places-140x190-cm-barcelone-en-mousse-et-ressorts-ensaches,Matelas mi-ferme 2 places BARCELONE en mousse et ressorts ensachés,Matelas,"Europe, Livré roulé, Matelas",Dimensions,140 x 190 cm,'34,513.00,856.00,0.0,https://cdn.shopify.com/s/files/1/0996/7245/7553/files/matelas-mi-ferme-2-places-180x200-cm-barcelone-en-mousse-et-ressorts-ensaches-8281127.png?v=1771474717,Matelas mi - ferme 2 places 180X200 cm BARCELONE en mousse et ressorts ensachés - TRUST INDUSTRIE - ,1,Matelas 2 places 140X190 cm BARCELONE ressorts ensachés,Retrouvez le matelas mi-ferme 2 places 140X190 cm BARCELONE en mousse + ressorts ensachés. Livraison à domicile. Fabriqué en Europe.
matelas-mi-ferme-2-places-140x190-cm-barcelone-en-mousse-et-ressorts-ensaches,,,,,160 x 200 cm,'34,557.00,929.00,0.0,https://cdn.shopify.com/s/files/1/0996/7245/7553/files/matelas-mi-ferme-2-places-180x200-cm-barcelone-en-mousse-et-ressorts-ensaches-4850031.png?v=1772706918,Matelas mi - ferme 2 places 180X200 cm BARCELONE en mousse et ressorts ensachés - TRUST INDUSTRIE - ,2,,
matelas-mi-ferme-2-places-140x190-cm-barcelone-en-mousse-et-ressorts-ensaches,,,,,180 x 200 cm,'34,599.00,999.00,0.0,https://cdn.shopify.com/s/files/1/0996/7245/7553/files/matelas-mi-ferme-2-places-180x200-cm-barcelone-en-mousse-et-ressorts-ensaches-9880902.png?v=1772706918,Matelas mi - ferme 2 places 180X200 cm BARCELONE en mousse et ressorts ensachés - TRUST INDUSTRIE - ,3,,
matelas-mi-ferme-1-place-90x190-cm-barcelone-en-mousse-et-ressorts-ensaches,Matelas mi-ferme 1 place 90X190 cm BARCELONE en mousse et ressorts ensachés,Matelas,"Europe, Livré roulé, Matelas",Title,Default Title,'34,342.00,570.00,0.0,https://cdn.shopify.com/s/files/1/0996/7245/7553/files/matelas-mi-ferme-1-place-90x190-cm-barcelone-en-mousse-et-ressorts-ensaches-1264817.jpg?v=1772717597,Matelas mi - ferme 1 place 90X190 cm BARCELONE en mousse et ressorts ensachés - TRUST INDUSTRIE - ,1,Matelas 2 places 90X190 cm BARCELONE ressorts ensachés,Retrouvez le matelas mi-ferme 1 place 90X190 cm BARCELONE en mousse + ressorts ensachés. Livraison à domicile. Fabriqué en Europe.
matelas-mi-ferme-1-place-90x190-cm-barcelone-en-mousse-et-ressorts-ensaches,,,,,,,,,,https://cdn.shopify.com/s/files/1/0996/7245/7553/files/matelas-mi-ferme-2-places-180x200-cm-barcelone-en-mousse-et-ressorts-ensaches-4850031.png?v=1772706918,Matelas mi - ferme 2 places 180X200 cm BARCELONE en mousse et ressorts ensachés - TRUST INDUSTRIE - ,2,,
matelas-mi-ferme-1-place-90x190-cm-barcelone-en-mousse-et-ressorts-ensaches,,,,,,,,,,https://cdn.shopify.com/s/files/1/0996/7245/7553/files/matelas-mi-ferme-2-places-180x200-cm-barcelone-en-mousse-et-ressorts-ensaches-9880902.png?v=1772706918,Matelas mi - ferme 2 places 180X200 cm BARCELONE en mousse et ressorts ensachés - TRUST INDUSTRIE - ,3,,
matelas-ferme-2-places-140x190-cm-berlin-en-mousse-polyurethane,Matelas ferme 2 places BERLIN en mousse polyuréthane,Matelas,"Europe, Livré roulé, Matelas",Dimensions,140 x 190 cm,'34,428.00,713.00,0.0,https://cdn.shopify.com/s/files/1/0996/7245/7553/files/matelas-ferme-2-places-180x200-cm-berlin-en-mousse-polyurethane-9172880.png?v=1771474728,Matelas ferme 2 places 180X200 cm BERLIN en mousse polyuréthane - TRUST INDUSTRIE - ,1,Matelas 2 places 140X190 cm BERLIN en mousse polyuréthane,Retrouvez le matelas ferme 2 places 140X190 cm BERLIN en mousse polyuréthane. Fabriqué en Europe. Livraison à domicile.
matelas-ferme-2-places-140x190-cm-berlin-en-mousse-polyurethane,,,,,160 x 200 cm,'34,471.00,784.00,0.0,https://cdn.shopify.com/s/files/1/0996/7245/7553/files/matelas-ferme-2-places-180x200-cm-berlin-en-mousse-polyurethane-1487631.png?v=1772635948,Matelas ferme 2 places 180X200 cm BERLIN en mousse polyuréthane - TRUST INDUSTRIE - ,2,,
matelas-ferme-2-places-140x190-cm-berlin-en-mousse-polyurethane,,,,,180 x 200 cm,'34,513.00,856.00,0.0,https://cdn.shopify.com/s/files/1/0996/7245/7553/files/matelas-ferme-2-places-180x200-cm-berlin-en-mousse-polyurethane-1312272.png?v=1772635948,Matelas ferme 2 places 180X200 cm BERLIN en mousse polyuréthane - TRUST INDUSTRIE - ,3,,
matelas-ferme-2-places-140x190-cm-berlin-en-mousse-polyurethane,,,,,,,,,,https://cdn.shopify.com/s/files/1/0996/7245/7553/files/matelas-ferme-2-places-180x200-cm-berlin-en-mousse-polyurethane-5923012.png?v=1772635948,Matelas ferme 2 places 180X200 cm BERLIN en mousse polyuréthane - TRUST INDUSTRIE - ,4,,
matelas-ferme-2-places-140x190-cm-berlin-en-mousse-polyurethane,,,,,,,,,,https://cdn.shopify.com/s/files/1/0996/7245/7553/files/matelas-ferme-2-places-180x200-cm-berlin-en-mousse-polyurethane-5520093.png?v=1772635948,Matelas ferme 2 places 180X200 cm BERLIN en mousse polyuréthane - TRUST INDUSTRIE - ,5,,
matelas-ferme-2-places-140x190-cm-berlin-en-mousse-polyurethane,,,,,,,,,,https://cdn.shopify.com/s/files/1/0996/7245/7553/files/matelas-ferme-2-places-180x200-cm-berlin-en-mousse-polyurethane-7911167.png?v=1772635948,Matelas ferme 2 places 180X200 cm BERLIN en mousse polyuréthane - TRUST INDUSTRIE - ,6,,
matelas-ferme-2-places-140x190-cm-berlin-en-mousse-polyurethane,,,,,,,,,,https://cdn.shopify.com/s/files/1/0996/7245/7553/files/matelas-ferme-2-places-180x200-cm-berlin-en-mousse-polyurethane-4102954.png?v=1772635948,Matelas ferme 2 places 180X200 cm BERLIN en mousse polyuréthane - TRUST INDUSTRIE - ,7,,
matelas-ferme-1-place-90x190-cm-berlin-en-mousse-polyurethane,Matelas ferme 1 place 90X190 cm BERLIN en mousse polyuréthane,Matelas,"Europe, Livré roulé, Matelas",Title,Default Title,'34,385.00,641.00,0.0,https://cdn.shopify.com/s/files/1/0996/7245/7553/files/matelas-ferme-1-place-90x190-cm-berlin-en-mousse-polyurethane-5126643.png?v=1772717601,Matelas ferme 1 place 90X190 cm BERLIN en mousse polyuréthane - TRUST INDUSTRIE - ,1,Matelas 1 place 90X190 cm BERLIN en mousse polyuréthane,Retrouvez le matelas ferme 1 place 90X190 cm BERLIN en mousse polyuréthane. Fabriqué en Europe. Livraison à domicile.
matelas-ferme-1-place-90x190-cm-berlin-en-mousse-polyurethane,,,,,,,,,,https://cdn.shopify.com/s/files/1/0996/7245/7553/files/matelas-ferme-2-places-180x200-cm-berlin-en-mousse-polyurethane-1487631.png?v=1772635948,Matelas ferme 2 places 180X200 cm BERLIN en mousse polyuréthane - TRUST INDUSTRIE - ,2,,
matelas-ferme-1-place-90x190-cm-berlin-en-mousse-polyurethane,,,,,,,,,,https://cdn.shopify.com/s/files/1/0996/7245/7553/files/matelas-ferme-2-places-180x200-cm-berlin-en-mousse-polyurethane-5923012.png?v=1772635948,Matelas ferme 2 places 180X200 cm BERLIN en mousse polyuréthane - TRUST INDUSTRIE - ,3,,
matelas-ferme-1-place-90x190-cm-berlin-en-mousse-polyurethane,,,,,,,,,,https://cdn.shopify.com/s/files/1/0996/7245/7553/files/matelas-ferme-2-places-180x200-cm-berlin-en-mousse-polyurethane-1312272.png?v=1772635948,Matelas ferme 2 places 180X200 cm BERLIN en mousse polyuréthane - TRUST INDUSTRIE - ,4,,
matelas-ferme-1-place-90x190-cm-berlin-en-mousse-polyurethane,,,,,,,,,,https://cdn.shopify.com/s/files/1/0996/7245/7553/files/matelas-ferme-2-places-180x200-cm-berlin-en-mousse-polyurethane-5520093.png?v=1772635948,Matelas ferme 2 places 180X200 cm BERLIN en mousse polyuréthane - TRUST INDUSTRIE - ,5,,
matelas-ferme-1-place-90x190-cm-berlin-en-mousse-polyurethane,,,,,,,,,,https://cdn.shopify.com/s/files/1/0996/7245/7553/files/matelas-ferme-2-places-180x200-cm-berlin-en-mousse-polyurethane-7911167.png?v=1772635948,Matelas ferme 2 places 180X200 cm BERLIN en mousse polyuréthane - TRUST INDUSTRIE - ,6,,
matelas-ferme-1-place-90x190-cm-berlin-en-mousse-polyurethane,,,,,,,,,,https://cdn.shopify.com/s/files/1/0996/7245/7553/files/matelas-ferme-2-places-180x200-cm-berlin-en-mousse-polyurethane-4102954.png?v=1772635948,Matelas ferme 2 places 180X200 cm BERLIN en mousse polyuréthane - TRUST INDUSTRIE - ,7,,
matelas-ferme-1-place-90x190-cm-berlin-en-mousse-polyurethane,,,,,,,,,,https://cdn.shopify.com/s/files/1/0996/7245/7553/files/matelas-moelleux-2-places-180x200-cm-singapour-en-mousse-polyurethane-et-ressorts-ensaches-1169004.png?v=1772706463,Matelas moelleux 2 places 180X200 cm SINGAPOUR en mousse polyuréthane et ressorts ensachés - TRUST INDUSTRIE - ,8,,
matelas-ferme-2-places-140x190-cm-milan-en-mousse-polyurethane,Matelas ferme 2 places MILAN en mousse polyuréthane,Matelas,"Europe, Livré roulé, Matelas",Dimensions ,140 x 190 cm,'34,256.00,427.00,0.0,https://cdn.shopify.com/s/files/1/0996/7245/7553/files/matelas-ferme-2-places-180x200-cm-milan-en-mousse-polyurethane-9265449.png?v=1771474714,Matelas ferme 2 places 180X200 cm - MILAN en mousse polyuréthane - TRUST INDUSTRIE - ,1,Matelas 2 places 140X190 cm MILAN en mousse polyuréthane,Retrouvez le matelas ferme 2 places 140X190 cm MILAN en mousse polyuréthane. Fabriqué en Europe. Livraison à domicile.
matelas-ferme-2-places-140x190-cm-milan-en-mousse-polyurethane,,,,,160 x 200 cm,'34,299.00,499.00,0.0,https://cdn.shopify.com/s/files/1/0996/7245/7553/files/matelas-ferme-2-places-180x200-cm-milan-en-mousse-polyurethane-9161547.png?v=1772635709,Matelas ferme 2 places 180X200 cm - MILAN en mousse polyuréthane - TRUST INDUSTRIE - ,2,,
matelas-ferme-2-places-140x190-cm-milan-en-mousse-polyurethane,,,,,180 x 200 cm,'34,342.00,570.00,0.0,,,,,
matelas-ferme-1-place-90x190-cm-milan-en-mousse-polyurethane,Matelas ferme 1 place 90X190 cm MILAN en mousse polyuréthane,Matelas,"Europe, Livré roulé, Matelas",Title,Default Title,'34,213.00,332.00,0.0,https://cdn.shopify.com/s/files/1/0996/7245/7553/files/matelas-ferme-1-place-90x190-cm-milan-en-mousse-polyurethane-9703312.jpg?v=1772717601,Matelas ferme 1 place 90X190 cm MILAN en mousse polyuréthane - TRUST INDUSTRIE - ,1,Matelas 1 place 90X190 cm MILAN en mousse polyuréthane,Retrouvez le matelas ferme 2 places 90X190 cm MILAN en mousse polyuréthane. Fabriqué en Europe. Livraison à domicile.
matelas-ferme-1-place-90x190-cm-milan-en-mousse-polyurethane,,,,,,,,,,https://cdn.shopify.com/s/files/1/0996/7245/7553/files/matelas-ferme-2-places-180x200-cm-milan-en-mousse-polyurethane-9161547.png?v=1772635709,Matelas ferme 2 places 180X200 cm - MILAN en mousse polyuréthane - TRUST INDUSTRIE - ,2,,
